"0","print(metadata$Gender_Male == ""Female"")
"
"1"," [1]"
"1","  TRUE"
"1","  TRUE"
"1","  TRUE"
"1","  TRUE"
"1","  TRUE"
"1","  TRUE"
"1"," FALSE"
"1"," FALSE"
"1"," FALSE"
"1","  TRUE"
"1"," FALSE"
"1"," FALSE"
"1","  TRUE"
"1"," FALSE"
"1"," FALSE"
"1","  TRUE"
"1","  TRUE"
"1","  TRUE"
"1","  TRUE"
"1","  TRUE"
"1","  TRUE"
"1","
"
"1","[22]"
"1","  TRUE"
"1","  TRUE"
"1","  TRUE"
"1","  TRUE"
"1","  TRUE"
"1","  TRUE"
"1"," FALSE"
"1","  TRUE"
"1"," FALSE"
"1","  TRUE"
"1","  TRUE"
"1","  TRUE"
"1","  TRUE"
"1"," FALSE"
"1","
"
